,Mkt-RF,SMB,HML,RMW,CMA,VIX,T10Y,T2Y,FedFunds,Unemployment,YieldSpread,Oil_Price,Gold_Price,GPR_Global,RF,Regime,Regime_Label
2004-02-29,0.0139999999999999,-0.0092,0.0095,0.0213,-0.0116999999999999,14.55,4.08,1.74,1.01,5.6,2.34,36.15999984741211,396.3999938964844,115.07597351074219,0.0006,0,Bull
2004-03-31,-0.0132,0.0210999999999999,0.0023,0.0165,-0.0098,16.74,3.83,1.58,1.0,5.8,2.25,35.7599983215332,427.2999877929688,138.53207397460938,0.0009,0,Bull
2004-04-30,-0.0182,-0.0206,-0.0323,0.0346,-0.0283,17.19,4.35,2.07,1.0,5.6,2.28,37.380001068115234,387.0,149.6313934326172,0.0008,0,Bull
2004-05-31,0.0118,-0.004,-0.0018,-0.0116999999999999,0.0001,15.5,4.72,2.53,1.0,5.6,2.19,39.880001068115234,394.0,121.0911865234375,0.0006,0,Bull
2004-06-30,0.0186,0.0252,0.0121,0.0112,-0.0031,14.34,4.73,2.76,1.03,5.6,1.9700000000000009,37.04999923706055,392.6000061035156,137.23391723632812,0.0008,0,Bull
2004-07-31,-0.0404,-0.0292,0.0322,0.0521,-0.0168,15.32,4.5,2.64,1.26,5.5,1.86,43.79999923706055,391.0,131.0198516845703,0.001,0,Bull
2004-08-31,0.0008,-0.0118,0.0108,0.0121,-0.0135,15.29,4.28,2.51,1.43,5.4,1.7700000000000005,42.119998931884766,410.3999938964844,140.36582946777344,0.0011,0,Bull
2004-09-30,0.016,0.0322,-0.0005,-0.0149,-0.0172,13.34,4.13,2.53,1.61,5.4,1.6,49.63999938964844,418.7000122070313,153.87161254882812,0.0011,0,Bull
2004-10-31,0.0141999999999999,0.0015,-0.0026,-0.0053,0.0040999999999999,16.27,4.1,2.58,1.76,5.5,1.5199999999999996,51.7599983215332,428.5,119.86279296875,0.0011,0,Bull
2004-11-30,0.0453,0.0412,0.0157,-0.0052,-0.0018,13.24,4.19,2.85,1.93,5.4,1.3400000000000003,49.130001068115234,451.2999877929688,122.70738983154297,0.0015,0,Bull
2004-12-31,0.0341,-0.0004,-0.0023,-0.0107,0.0039,13.29,4.23,3.01,2.16,5.4,1.2200000000000006,43.45000076293945,437.5,109.89522552490234,0.0016,0,Bull
2005-01-31,-0.0275,-0.0111,0.0206,0.0279999999999999,-0.0141,12.82,4.22,3.22,2.28,5.3,0.9999999999999996,48.20000076293945,421.7999877929688,100.88758850097656,0.0016,0,Bull
2005-02-28,0.0187999999999999,-0.003,0.0141,0.0132,-0.0021,12.08,4.17,3.38,2.5,5.4,0.79,51.75,436.5,108.97796630859375,0.0016,0,Bull
2005-03-31,-0.0192999999999999,-0.0141,0.0207,0.0044,0.0134,14.02,4.5,3.73,2.63,5.2,0.77,55.400001525878906,428.7000122070313,90.41048431396484,0.0021,0,Bull
2005-04-30,-0.026,-0.0397,0.0005,0.0097,-0.0085,15.31,4.34,3.65,2.79,5.2,0.69,49.720001220703125,435.0,87.03240203857422,0.0021,0,Bull
2005-05-31,0.0365,0.0276,-0.0058,-0.0102,0.0028,13.29,4.14,3.64,3.0,5.1,0.4999999999999995,51.970001220703125,416.2999877929688,98.20596313476562,0.0024,0,Bull
2005-06-30,0.0058,0.0326,0.0279999999999999,0.0087,-0.0052,12.04,4.0,3.64,3.04,5.0,0.3599999999999999,56.5,435.8999938964844,81.12405395507812,0.0023,0,Bull
2005-07-31,0.0392,0.0276,-0.0078,-0.0118999999999999,-0.0078,11.57,4.18,3.87,3.26,5.0,0.3099999999999996,60.56999969482422,429.8999938964844,165.90191650390625,0.0024,0,Bull
2005-08-31,-0.012,-0.0093999999999999,0.0134,-0.0196,0.0038,12.6,4.26,4.04,3.5,4.9,0.2199999999999997,68.94000244140625,433.7999877929688,116.2276611328125,0.003,0,Bull
2005-09-30,0.0048,-0.0031,0.0078,0.0026,-0.0060999999999999,11.92,4.2,3.95,3.62,5.0,0.25,66.23999786376953,469.0,103.80766296386719,0.0029,0,Bull
2005-10-31,-0.0204,-0.015,0.0043,-0.0069999999999999,-0.0126,15.32,4.46,4.27,3.78,5.0,0.1900000000000004,59.7599983215332,465.1000061035156,87.06182861328125,0.0027,0,Bull
2005-11-30,0.0361,0.009,-0.0118999999999999,-0.0079,-0.0109,12.06,4.54,4.42,4.0,5.0,0.1200000000000001,57.31999969482422,494.6000061035156,83.48009490966797,0.0031,0,Bull
2005-12-31,-0.0024,-0.0025,0.0015,0.0018,0.002,12.07,4.47,4.4,4.16,4.9,0.0699999999999994,61.040000915527344,517.0999755859375,95.35025024414062,0.0032,0,Bull
2006-01-31,0.0302999999999999,0.0583,0.0098999999999999,-0.0066,-0.0034999999999999,12.95,4.42,4.4,4.29,4.7,0.0199999999999995,67.91999816894531,570.7999877929688,94.51001739501953,0.0034999999999999,0,Bull
2006-02-28,-0.003,-0.0046,-0.0031,-0.0054,0.0197999999999999,12.34,4.57,4.67,4.49,4.8,-0.0999999999999996,61.40999984741211,561.5999755859375,95.85819244384766,0.0034,0,Bull
2006-03-31,0.0147,0.0334,0.0060999999999999,0.0003,-0.0044,11.39,4.72,4.73,4.59,4.7,-0.0100000000000006,66.62999725341797,581.7999877929688,92.79762268066406,0.0037,0,Bull
2006-04-30,0.0073,-0.0079,0.0226,0.0174,-0.0013,11.59,4.99,4.89,4.79,4.7,0.1000000000000005,71.87999725341797,651.7999877929688,89.01580047607422,0.0036,0,Bull
2006-05-31,-0.0356,-0.0289999999999999,0.0237999999999999,0.0087,0.0153,16.44,5.11,4.97,4.94,4.6,0.1400000000000005,71.29000091552734,642.5,85.20877838134766,0.0043,0,Bull
2006-06-30,-0.0034,-0.0024,0.0085,0.0132,-0.0013,13.08,5.11,5.12,4.99,4.6,-0.0099999999999997,73.9800033569336,613.5,102.57276916503906,0.004,0,Bull
2006-07-31,-0.0077,-0.036,0.0262,0.0163,0.0084,14.95,5.09,5.12,5.24,4.7,-0.0300000000000002,74.4000015258789,634.2000122070312,137.13482666015625,0.004,0,Bull
2006-08-31,0.0203,0.0045,-0.0195,-0.0181,0.0214,12.31,4.88,4.9,5.25,4.7,-0.0200000000000004,70.26000213623047,625.9000244140625,147.08111572265625,0.0042,0,Bull
2006-09-30,0.0184,-0.0139,0.0006,0.0078,0.0046,11.98,4.72,4.77,5.25,4.5,-0.0499999999999998,62.90999984741211,598.5999755859375,111.72425842285156,0.0040999999999999,0,Bull
2006-10-31,0.0322,0.0197999999999999,-0.0033,-0.0011,0.0032,11.1,4.73,4.8,5.25,4.4,-0.0699999999999994,58.72999954223633,604.0999755859375,113.13529968261719,0.0040999999999999,0,Bull
2006-11-30,0.017,0.0063,0.0004,0.002,-0.008,10.91,4.6,4.74,5.25,4.5,-0.1400000000000005,63.130001068115234,646.9000244140625,88.77892303466797,0.0042,0,Bull
2006-12-31,0.0085,-0.0081,0.0274,-0.0065,0.0187999999999999,11.56,4.56,4.67,5.24,4.4,-0.1100000000000003,61.04999923706055,635.2000122070312,90.60655975341797,0.004,0,Bull
2007-01-31,0.0138,0.0002,-0.0068,0.0019,0.004,10.42,4.76,4.88,5.25,4.6,-0.1200000000000001,58.13999938964844,652.0,97.9200439453125,0.0044,0,Bull
2007-02-28,-0.0196,0.0133,-0.0008,-0.0052,-0.0066,15.42,4.72,4.85,5.26,4.5,-0.1299999999999999,61.790000915527344,669.4000244140625,96.16935729980469,0.0038,0,Bull
2007-03-31,0.0070999999999999,0.0014,-0.0088,0.0055,-0.0067,14.64,4.56,4.57,5.26,4.4,-0.0100000000000006,65.87000274658203,663.0,87.33650207519531,0.0043,0,Bull
2007-04-30,0.0349,-0.0208,-0.0144,0.0118,0.0101,14.22,4.69,4.67,5.25,4.5,0.0200000000000004,65.70999908447266,680.5,76.6133804321289,0.0044,0,Bull
2007-05-31,0.0324,0.0033,-0.0059,0.0147,-0.0126,13.05,4.75,4.77,5.25,4.4,-0.0199999999999995,64.01000213623047,661.0,92.5995864868164,0.0040999999999999,0,Bull
2007-06-30,-0.0196,0.0069999999999999,-0.0105,0.0049,0.0006,16.23,5.1,4.98,5.25,4.6,0.1199999999999992,70.68000030517578,648.0999755859375,97.9723129272461,0.004,0,Bull
2007-07-31,-0.0372,-0.0305,-0.0368,0.0026,-0.0116,23.52,5.0,4.82,5.26,4.7,0.1799999999999997,78.20999908447266,666.9000244140625,112.34625244140625,0.004,1,Bear
2007-08-31,0.0093999999999999,-0.0033,-0.0187,-0.0127,-0.0056999999999999,23.38,4.67,4.31,5.02,4.6,0.3600000000000003,74.04000091552734,673.0,83.17320251464844,0.0042,1,Bear
2007-09-30,0.0322,-0.0243999999999999,-0.0217,-0.0049,-0.0294,18.0,4.52,4.01,4.94,4.7,0.5099999999999998,81.66000366210938,742.7999877929688,94.4888687133789,0.0032,2,Volatile
2007-10-31,0.0179,-0.0003,-0.0287,-0.0033,0.0006,18.53,4.53,3.97,4.76,4.7,0.56,94.52999877929688,792.0,101.47301483154297,0.0032,2,Volatile
2007-11-30,-0.048,-0.0291,-0.0109,0.0175,-0.0036,22.87,4.15,3.34,4.49,4.7,0.8100000000000005,88.70999908447266,782.2000122070312,89.79544830322266,0.0034,2,Volatile
2007-12-31,-0.0087,0.0018,-0.0051,0.009,-0.0107,22.5,4.1,3.12,4.24,5.0,0.9799999999999996,95.9800033569336,834.9000244140625,94.96749114990234,0.0027,2,Volatile
2008-01-31,-0.0632,-0.0063,0.04,0.0212,0.0206,26.2,3.74,2.48,3.94,5.0,1.2600000000000002,91.75,922.7000122070312,81.49982452392578,0.0021,2,Volatile
2008-02-29,-0.0308999999999999,-0.0064,-0.0072,0.0107,-0.0097,26.54,3.74,1.97,2.98,4.9,1.7700000000000002,101.83999633789062,972.0999755859376,80.75146484375,0.0013,2,Volatile
2008-03-31,-0.0093999999999999,0.0059,0.0031,0.0089,0.0046999999999999,25.61,3.51,1.62,2.61,5.1,1.89,101.58000183105467,916.2000122070312,77.63613891601562,0.0017,2,Volatile
2008-04-30,0.0461,-0.0116,-0.0096,0.0181,-0.0256,20.79,3.68,2.05,2.28,5.0,1.6300000000000003,113.45999908447266,862.7999877929688,71.9048080444336,0.0018,2,Volatile
2008-05-31,0.0187,0.0304,-0.015,0.0092,0.0014,17.83,3.88,2.45,1.98,5.4,1.4299999999999995,127.3499984741211,887.2999877929688,72.57379913330078,0.0018,2,Volatile
2008-06-30,-0.0843,0.0116,-0.0250999999999999,0.0498,-0.0069,23.95,4.1,2.77,2.0,5.6,1.3299999999999996,140.0,926.2000122070312,87.54842376708984,0.0017,2,Volatile
2008-07-31,-0.0075,0.0371,0.052,-0.0136,0.0098999999999999,22.94,4.01,2.57,2.01,5.8,1.44,124.08000183105467,913.9000244140624,89.73957061767578,0.0015,2,Volatile
2008-08-31,0.0153,0.0327999999999999,0.0152,0.0183,0.0066,20.65,3.89,2.42,2.0,6.1,1.4700000000000002,115.45999908447266,829.2999877929688,88.55410766601562,0.0013,2,Volatile
2008-09-30,-0.0935,0.0038,0.0566,0.024,0.017,39.39,3.69,2.08,1.81,6.1,1.61,100.63999938964844,874.2000122070312,88.54255676269531,0.0015,2,Volatile
2008-10-31,-0.172,-0.0306,-0.0189,0.0273,0.0138,59.89,3.81,1.61,0.97,6.5,2.2,67.80999755859375,716.7999877929688,64.15979766845703,0.0008,2,Volatile
2008-11-30,-0.0774,-0.04,-0.0621,0.0467,0.0239,55.84,3.53,1.21,0.39,6.8,2.32,54.43000030517578,816.2000122070312,79.08097076416016,0.0003,2,Volatile
2008-12-31,0.0177,0.0333,0.0005,0.0003,-0.0152,40.0,2.42,0.82,0.16,7.3,1.6,44.59999847412109,883.5999755859375,92.3664321899414,0.0,2,Volatile
2009-01-31,-0.0809,-0.0209,-0.1101999999999999,0.0,-0.0116,44.84,2.52,0.81,0.15,7.8,1.71,41.68000030517578,927.2999877929688,85.36947631835938,0.0,2,Volatile
2009-02-28,-0.1014,-0.0116999999999999,-0.066,0.0101,-0.0062,46.35,2.87,0.98,0.22,8.3,1.89,44.7599983215332,941.5,67.45267486572266,0.0001,2,Volatile
2009-03-31,0.0901,0.0059,0.0348,-0.0258,-0.02,44.14,2.82,0.93,0.18,8.7,1.89,49.65999984741211,922.5999755859376,72.64462280273438,0.0002,2,Volatile
2009-04-30,0.1017,0.0713999999999999,0.0538,0.0134,0.005,36.5,2.93,0.93,0.15,9.0,2.0,51.119998931884766,890.7000122070312,85.6884994506836,0.0001,2,Volatile
2009-05-31,0.052,-0.0224,0.0040999999999999,-0.0081,-0.0199,28.92,3.29,0.93,0.18,9.4,2.36,66.30999755859375,978.7999877929688,89.68086242675781,0.0,2,Volatile
2009-06-30,0.0042,0.0227,-0.0276,-0.0141,-0.0037,26.35,3.72,1.18,0.21,9.5,2.54,69.88999938964844,927.0999755859376,81.10958862304688,0.0001,2,Volatile
2009-07-31,0.0774,0.0231,0.0489,-0.0026,0.0308,25.92,3.56,1.02,0.16,9.5,2.54,69.44999694824219,953.7000122070312,83.43962097167969,0.0001,2,Volatile
2009-08-31,0.0333,-0.001,0.076,-0.0285,0.033,26.01,3.59,1.12,0.16,9.6,2.47,69.95999908447266,951.7000122070312,73.37187957763672,0.0001,2,Volatile
2009-09-30,0.0408,0.0272,0.0115,0.0115,0.0034,25.61,3.4,0.96,0.15,9.8,2.44,70.61000061035156,1008.0,92.8399887084961,0.0001,2,Volatile
2009-10-31,-0.0255,-0.0484999999999999,-0.0417,0.0421999999999999,-0.0148,30.69,3.39,0.95,0.12,10.0,2.4400000000000004,77.0,1039.699951171875,90.57640075683594,0.0,2,Volatile
2009-11-30,0.0558,-0.0276,-0.0033,0.009,0.0,24.51,3.4,0.8,0.12,9.9,2.6,77.27999877929688,1181.0999755859375,82.10176086425781,0.0,2,Volatile
2009-12-31,0.0274,0.0613999999999999,-0.0011,0.0070999999999999,-0.0009,21.68,3.59,0.87,0.12,9.9,2.72,79.36000061035156,1095.199951171875,92.94691467285156,0.0001,2,Volatile
2010-01-31,-0.0335,0.004,0.0033,-0.0108,0.0051,24.62,3.73,0.93,0.11,9.8,2.8,72.88999938964844,1083.0,91.58102416992188,0.0,2,Volatile
2010-02-28,0.0339,0.0149,0.0318,-0.0029,0.0141999999999999,19.5,3.69,0.86,0.13,9.8,2.83,79.66000366210938,1118.300048828125,80.72535705566406,0.0,2,Volatile
2010-03-31,0.063,0.0183,0.0219,-0.0060999999999999,0.0174,17.59,3.73,0.96,0.16,9.9,2.77,83.76000213623047,1113.300048828125,74.116943359375,0.0001,2,Volatile
2010-04-30,0.02,0.0496,0.0296,0.0060999999999999,0.0175,22.05,3.85,1.06,0.2,9.9,2.79,86.1500015258789,1180.0999755859375,88.76158142089844,0.0001,2,Volatile
2010-05-31,-0.079,0.0008,-0.0248,0.013,-0.0024,32.07,3.42,0.83,0.2,9.6,2.59,73.97000122070312,1212.199951171875,88.95870971679688,0.0001,2,Volatile
2010-06-30,-0.0557,-0.0242,-0.0473,-0.001,-0.0158,34.54,3.2,0.72,0.18,9.4,2.4800000000000004,75.62999725341797,1245.5,96.45369720458984,0.0001,2,Volatile
2010-07-31,0.0692,0.0004,-0.005,0.0017,0.0202,23.5,3.01,0.62,0.18,9.4,2.39,78.94999694824219,1181.699951171875,79.38137817382812,0.0001,2,Volatile
2010-08-31,-0.0476999999999999,-0.0306,-0.0173,0.006,-0.016,26.05,2.7,0.52,0.19,9.5,2.18,71.91999816894531,1248.300048828125,80.99386596679688,0.0001,2,Volatile
2010-09-30,0.0955,0.0365,-0.0302,-0.0019,0.0038,23.7,2.65,0.48,0.19,9.5,2.17,79.97000122070312,1307.800048828125,71.16854858398438,0.0001,2,Volatile
2010-10-31,0.0387,0.0073,-0.0246,0.0128,-0.0038,21.2,2.54,0.38,0.19,9.4,2.16,81.43000030517578,1357.0999755859375,65.99193572998047,0.0001,2,Volatile
2010-11-30,0.0059,0.0354,-0.009,0.0032,0.0179,23.54,2.76,0.45,0.19,9.8,2.31,84.11000061035156,1385.0,94.70516967773438,0.0001,2,Volatile
2010-12-31,0.0682,0.0097,0.0356,-0.0342,0.0317,17.75,3.29,0.62,0.18,9.3,2.67,91.37999725341795,1421.0999755859375,97.20389556884766,0.0001,2,Volatile
2011-01-31,0.0197999999999999,-0.0231,0.0060999999999999,-0.0064,0.0081,19.53,3.39,0.61,0.17,9.1,2.78,92.19000244140624,1333.800048828125,79.42161560058594,0.0001,2,Volatile
2011-02-28,0.0348,0.0165,0.0118,-0.0183,0.0084,18.35,3.58,0.77,0.16,9.0,2.81,96.97000122070312,1409.300048828125,90.01448822021484,0.0001,2,Volatile
2011-03-31,0.0046,0.0256,-0.0184,0.0173,-0.0007,17.74,3.41,0.7,0.14,9.0,2.71,106.72000122070312,1438.9000244140625,136.8883056640625,0.0001,2,Volatile
2011-04-30,0.0289999999999999,-0.0053,-0.0243999999999999,0.0112,-0.0086,14.75,3.46,0.73,0.1,9.1,2.73,113.93000030517578,1556.0,91.01776885986328,0.0,2,Volatile
2011-05-31,-0.0127,-0.0072,-0.0185,0.0192,-0.0143,15.45,3.17,0.56,0.09,9.0,2.61,102.6999969482422,1535.9000244140625,105.34491729736328,0.0,2,Volatile
2011-06-30,-0.0174,0.0006,-0.002,0.0227,-0.0141999999999999,16.52,3.0,0.41,0.09,9.1,2.59,95.41999816894533,1502.300048828125,84.391845703125,0.0,2,Volatile
2011-07-31,-0.0235,-0.0111,-0.0091,0.0268,-0.0173,25.25,3.0,0.41,0.07,9.0,2.59,95.6999969482422,1628.300048828125,78.92475891113281,0.0,2,Volatile
2011-08-31,-0.0596,-0.0308999999999999,-0.0243,0.0341,-0.0026,31.62,2.3,0.23,0.1,9.0,2.07,88.80999755859375,1828.5,86.95156860351562,0.0001,2,Volatile
2011-09-30,-0.0757,-0.0349,-0.0153,0.0199,0.0015,42.96,1.98,0.21,0.08,9.0,1.77,79.19999694824219,1620.4000244140625,83.35044860839844,0.0,2,Volatile
2011-10-31,0.1134,0.0325,0.0006,-0.0225,-0.0073,29.96,2.15,0.28,0.07,8.8,1.87,93.19000244140624,1724.199951171875,76.33993530273438,0.0,2,Volatile
2011-11-30,-0.0027,-0.003,-0.0052,0.0194,0.0144,27.8,2.01,0.25,0.08,8.6,1.7599999999999998,100.36000061035156,1745.5,83.15767669677734,0.0,2,Volatile
2011-12-31,0.0075,-0.0029,0.0154,0.0106,0.0247,23.4,1.98,0.26,0.07,8.5,1.72,98.83000183105467,1565.800048828125,85.34132385253906,0.0,2,Volatile
2012-01-31,0.0504999999999999,0.0202,-0.0093,-0.0206,-0.0148,19.44,1.97,0.24,0.08,8.3,1.73,98.4800033569336,1737.800048828125,79.63497161865234,0.0,2,Volatile
2012-02-29,0.044,-0.0167,0.0042,-0.0036,-0.0008,18.43,1.97,0.28,0.1,8.3,1.69,107.06999969482422,1709.9000244140625,92.4458236694336,0.0,2,Volatile
2012-03-31,0.0311,-0.0048,0.0118999999999999,-0.0060999999999999,0.0069999999999999,15.5,2.17,0.34,0.13,8.2,1.83,103.0199966430664,1669.300048828125,88.75997924804688,0.0,2,Volatile
2012-04-30,-0.0084,-0.005,-0.0077,0.013,0.0066,17.15,2.05,0.29,0.14,8.2,1.7599999999999998,104.87000274658205,1663.4000244140625,96.01668548583984,0.0,2,Volatile
2012-05-31,-0.0617,-0.0008,-0.0095,0.0203,0.0236,24.06,1.8,0.29,0.16,8.2,1.51,86.52999877929688,1562.5999755859375,78.17115783691406,0.0001,2,Volatile
2012-06-30,0.039,0.0089,0.0055,-0.0106,0.0045,17.08,1.62,0.29,0.16,8.2,1.33,84.95999908447266,1603.5,77.82243347167969,0.0,2,Volatile
2012-07-31,0.0079,-0.0281,-0.0006,0.0104,0.0001,18.93,1.53,0.25,0.16,8.2,1.28,88.05999755859375,1610.5,82.80802154541016,0.0,2,Volatile
2012-08-31,0.0254,0.0044,0.0123,-0.015,-0.0086,17.47,1.68,0.27,0.13,8.1,1.41,96.47000122070312,1684.5999755859375,74.87835693359375,0.0001,2,Volatile
2012-09-30,0.0273,0.0056999999999999,0.0162,-0.013,0.0156,15.73,1.72,0.26,0.14,7.8,1.46,92.19000244140624,1771.0999755859375,69.28050994873047,0.0001,2,Volatile
2012-10-31,-0.0176,-0.0083,0.0352,-0.0139999999999999,0.0252,18.6,1.75,0.28,0.16,7.8,1.47,86.23999786376953,1717.5,81.66366577148438,0.0001,2,Volatile
2012-11-30,0.0078,0.004,-0.0086,0.0038,0.0081,15.87,1.65,0.27,0.16,7.7,1.38,88.91000366210938,1710.9000244140625,81.38964080810547,0.0001,2,Volatile
2012-12-31,0.0118,0.0192,0.0348,-0.0172,0.008,18.02,1.72,0.26,0.16,7.9,1.46,91.81999969482422,1674.800048828125,74.83155822753906,0.0001,2,Volatile
2013-01-31,0.0557,0.0042,0.0101,-0.0200999999999999,0.0152,14.28,1.91,0.27,0.14,8.0,1.64,97.48999786376952,1660.5999755859375,90.6574935913086,0.0,2,Volatile
2013-02-28,0.0129,-0.0025,0.0021,-0.0059,0.0060999999999999,15.51,1.98,0.27,0.15,7.7,1.71,92.0500030517578,1577.699951171875,81.59033203125,0.0,2,Volatile
2013-03-31,0.0403,0.0088,-0.0022,0.0027,0.0141,12.7,1.96,0.26,0.14,7.5,1.7,97.2300033569336,1594.800048828125,75.89672088623047,0.0,2,Volatile
2013-04-30,0.0156,-0.0224,0.0044,0.0039,0.0043,13.52,1.76,0.23,0.15,7.6,1.53,93.45999908447266,1472.199951171875,95.10787200927734,0.0,2,Volatile
2013-05-31,0.0281,0.0204,0.0266999999999999,-0.02,-0.0095,16.3,1.93,0.25,0.11,7.5,1.68,91.97000122070312,1392.5999755859375,83.71731567382812,0.0,2,Volatile
2013-06-30,-0.012,0.0154,-0.0005,-0.0028,-0.0006,16.86,2.3,0.33,0.09,7.5,1.97,96.55999755859376,1223.800048828125,82.97300720214844,0.0,2,Volatile
2013-07-31,0.0565,0.0175,0.0058,-0.0135,0.0056999999999999,13.45,2.58,0.34,0.09,7.3,2.24,105.02999877929688,1312.4000244140625,73.97581481933594,0.0,2,Volatile
2013-08-31,-0.0271,-0.0003,-0.0273,0.0070999999999999,-0.0217,17.01,2.74,0.36,0.08,7.2,2.3800000000000003,107.6500015258789,1396.0999755859375,90.95674896240234,0.0,2,Volatile
2013-09-30,0.0377,0.0265,-0.0118,-0.0054,-0.0132,16.6,2.81,0.4,0.08,7.2,2.41,102.33000183105467,1326.5,100.4593276977539,0.0,2,Volatile
2013-10-31,0.0417,-0.015,0.0121999999999999,0.0275,0.0089,13.75,2.62,0.34,0.09,7.2,2.28,96.37999725341795,1323.5999755859375,72.95311737060547,0.0,2,Volatile
2013-11-30,0.0312,0.0144,0.0019,0.0026,0.0006,13.7,2.72,0.3,0.08,6.9,2.4200000000000004,92.72000122070312,1250.5999755859375,77.77902221679688,0.0,2,Volatile
2013-12-31,0.0279999999999999,-0.0044,0.0,-0.0058,0.0008,13.72,2.9,0.34,0.09,6.7,2.56,98.41999816894533,1201.9000244140625,70.37248992919922,0.0,2,Volatile
2014-01-31,-0.033,0.006,-0.0199,-0.0391,-0.0154,18.41,2.86,0.39,0.07,6.6,2.47,97.48999786376952,1240.0999755859375,77.91596984863281,0.0,2,Volatile
2014-02-28,0.0467999999999999,0.0013,-0.0034999999999999,-0.0025,-0.0054,14.0,2.71,0.33,0.07,6.7,2.38,102.58999633789062,1321.4000244140625,69.00352478027344,0.0,2,Volatile
2014-03-31,0.0040999999999999,-0.0113,0.049,0.0202,0.0192,13.88,2.72,0.4,0.08,6.7,2.3200000000000003,101.58000183105467,1283.4000244140625,119.83855438232422,0.0,2,Volatile
2014-04-30,-0.0019,-0.0407,0.0121999999999999,0.034,0.0093,13.41,2.71,0.42,0.09,6.2,2.29,99.73999786376952,1295.5999755859375,93.22154235839844,0.0,2,Volatile
2014-05-31,0.0204,-0.0186,-0.001,-0.0009,-0.0096,11.4,2.56,0.39,0.09,6.3,2.17,102.70999908447266,1245.5999755859375,83.4288558959961,0.0,2,Volatile
2014-06-30,0.0260999999999999,0.0306,-0.0070999999999999,-0.0183,-0.0191,11.57,2.6,0.45,0.1,6.1,2.15,105.37000274658205,1321.800048828125,98.76710510253906,0.0,2,Volatile
2014-07-31,-0.0203,-0.042,-0.0008,0.0093,0.0051,16.95,2.54,0.51,0.09,6.2,2.03,98.16999816894533,1281.300048828125,138.7539520263672,0.0,2,Volatile
2014-08-31,0.0424,0.0029,-0.0056999999999999,-0.0064,-0.0069,11.98,2.42,0.47,0.09,6.1,1.95,95.95999908447266,1285.800048828125,136.44558715820312,0.0,2,Volatile
2014-09-30,-0.0196,-0.0366,-0.0147,0.012,-0.0059,16.31,2.53,0.57,0.09,5.9,1.96,91.16000366210938,1210.5,131.55665588378906,0.0,2,Volatile
2014-10-31,0.0250999999999999,0.0366,-0.0163,-0.0039,0.0021,14.03,2.3,0.45,0.09,5.7,1.85,80.54000091552734,1171.0999755859375,83.66100311279297,0.0,2,Volatile
2014-11-30,0.0256,-0.023,-0.0313,0.0157,0.0014,13.33,2.33,0.53,0.09,5.8,1.8,66.1500015258789,1175.199951171875,84.38005065917969,0.0,2,Volatile
2014-12-31,-0.0005,0.0283,0.0212,-0.0121,0.009,19.2,2.21,0.64,0.12,5.6,1.5699999999999998,53.27000045776367,1183.9000244140625,86.5262222290039,0.0,0,Bull
2015-01-31,-0.0308999999999999,-0.0093,-0.0345,0.0158,-0.0163999999999999,20.97,1.88,0.55,0.11,5.7,1.3299999999999998,48.2400016784668,1278.5,111.9856948852539,0.0,0,Bull
2015-02-28,0.0613999999999999,0.0036,-0.0179,-0.011,-0.0175,13.34,1.98,0.62,0.11,5.5,1.36,49.7599983215332,1212.5999755859375,111.92469787597656,0.0,0,Bull
2015-03-31,-0.0109,0.0308,-0.0038,0.0007,-0.0062,15.29,2.04,0.64,0.11,5.4,1.4,47.59999847412109,1183.0999755859375,104.23526763916016,0.0,0,Bull
2015-04-30,0.006,-0.0301,0.018,0.0005,-0.0062,14.55,1.94,0.54,0.12,5.4,1.4,59.630001068115234,1182.4000244140625,102.19049072265625,0.0,0,Bull
2015-05-31,0.0138,0.0081999999999999,-0.0111,-0.0176,-0.0083,13.84,2.2,0.61,0.12,5.6,1.5900000000000003,60.29999923706055,1189.4000244140625,76.2623291015625,0.0,0,Bull
2015-06-30,-0.0154,0.0289999999999999,-0.0081999999999999,0.0034999999999999,-0.0154,18.23,2.36,0.69,0.13,5.3,1.67,59.470001220703125,1171.5,85.90596771240234,0.0,0,Bull
2015-07-31,0.0157,-0.0458,-0.0416,0.0031,-0.0243999999999999,12.12,2.32,0.67,0.13,5.2,1.65,47.119998931884766,1094.9000244140625,106.80866241455078,0.0,0,Bull
2015-08-31,-0.0602,0.0029,0.0275,0.0066,0.0129,28.43,2.17,0.7,0.14,5.1,1.47,49.20000076293945,1131.5999755859375,82.47853088378906,0.0,0,Bull
2015-09-30,-0.0306,-0.0279999999999999,0.0055,0.018,-0.0059,24.5,2.17,0.71,0.14,5.0,1.46,45.09000015258789,1115.5,98.7674560546875,0.0,0,Bull
2015-10-31,0.0775,-0.0206,-0.0046999999999999,0.0095,0.0060999999999999,15.07,2.07,0.64,0.12,5.0,1.4299999999999995,46.59000015258789,1141.5,91.931884765625,0.0,0,Bull
2015-11-30,0.0056999999999999,0.033,-0.0043,-0.0265,-0.0106,16.13,2.26,0.88,0.12,5.1,1.38,41.650001525878906,1065.800048828125,150.71588134765625,0.0,0,Bull
2015-12-31,-0.0215,-0.0295,-0.0256999999999999,0.0034,0.0012,18.21,2.24,0.98,0.24,5.0,1.2600000000000002,37.040000915527344,1060.300048828125,148.23687744140625,0.0001,0,Bull
2016-01-31,-0.0574,-0.0344,0.0208,0.0278,0.0305,20.2,2.09,0.9,0.34,4.8,1.19,33.619998931884766,1116.4000244140625,118.21114349365234,0.0001,0,Bull
2016-02-29,-0.0007,0.0087,-0.0060999999999999,0.0331,0.0194,20.55,1.78,0.73,0.38,4.9,1.05,33.75,1233.9000244140625,103.74964904785156,0.0002,0,Bull
2016-03-31,0.0695,0.01,0.0121999999999999,0.0068,0.0001,13.95,1.89,0.88,0.36,5.0,1.0099999999999998,38.34000015258789,1234.199951171875,109.72029113769531,0.0002,0,Bull
2016-04-30,0.0091,0.0123,0.0322,-0.0285,0.0177,15.7,1.81,0.77,0.37,5.1,1.04,45.91999816894531,1289.199951171875,85.22145080566406,0.0001,0,Bull
2016-05-31,0.0178,-0.0062,-0.0162,-0.011,-0.0254,14.19,1.81,0.82,0.37,4.8,0.99,49.09999847412109,1214.800048828125,88.3324203491211,0.0001,0,Bull
2016-06-30,-0.0003,0.0042,-0.0149,0.0144999999999999,0.019,15.63,1.64,0.73,0.38,4.9,0.91,48.33000183105469,1318.4000244140625,90.16812896728516,0.0002,0,Bull
2016-07-31,0.0394,0.0247,-0.0124,0.0131,-0.0116,11.87,1.5,0.67,0.39,4.8,0.83,41.59999847412109,1349.0,114.6104507446289,0.0002,0,Bull
2016-08-31,0.0049,0.0166,0.0317,-0.0185,-0.0036,13.42,1.56,0.74,0.4,4.9,0.8200000000000001,44.70000076293945,1306.9000244140625,98.73848724365234,0.0002,0,Bull
2016-09-30,0.0027,0.0181,-0.0118999999999999,-0.0218,0.0003,13.29,1.63,0.77,0.4,5.0,0.8599999999999999,48.2400016784668,1313.300048828125,104.54522705078125,0.0002,0,Bull
2016-10-31,-0.0200999999999999,-0.0401999999999999,0.0411,0.0098999999999999,0.0025,17.06,1.76,0.84,0.4,4.9,0.92,46.86000061035156,1271.5,85.74778747558594,0.0002,0,Bull
2016-11-30,0.0484999999999999,0.0696,0.0828999999999999,-0.0024,0.0371,13.33,2.14,0.98,0.41,4.7,1.16,49.43999862670898,1170.800048828125,82.91875457763672,0.0001,0,Bull
2016-12-31,0.0181,0.0044,0.0347,0.0124,-0.0032,14.04,2.49,1.2,0.54,4.7,1.2900000000000005,53.720001220703125,1150.0,102.18046569824219,0.0003,0,Bull
2017-01-31,0.0194,-0.0144,-0.0276,-0.0051,-0.0106,11.99,2.43,1.21,0.65,4.7,1.2200000000000002,52.810001373291016,1208.5999755859375,105.20123291015625,0.0004,0,Bull
2017-02-28,0.0355,-0.023,-0.015,0.0045,-0.018,12.92,2.42,1.2,0.66,4.6,1.22,54.0099983215332,1252.5999755859375,114.20635986328125,0.0004,0,Bull
2017-03-31,0.0017,0.0075,-0.0333,0.0063,-0.0095,12.37,2.48,1.31,0.79,4.4,1.17,50.59999847412109,1247.300048828125,96.63587951660156,0.0003,0,Bull
2017-04-30,0.0108,0.0040999999999999,-0.0204999999999999,0.0179,-0.016,10.82,2.3,1.24,0.9,4.4,1.0599999999999998,49.33000183105469,1266.0999755859375,119.45992279052734,0.0005,0,Bull
2017-05-31,0.0107,-0.0299,-0.0382,0.0098999999999999,-0.0166,10.41,2.3,1.3,0.91,4.4,0.9999999999999998,48.31999969482422,1272.0,102.57996368408203,0.0006,0,Bull
2017-06-30,0.0078,0.0252,0.015,-0.0226,0.0004,11.18,2.19,1.34,1.04,4.3,0.8499999999999999,46.040000915527344,1240.699951171875,126.78901672363281,0.0006,0,Bull
2017-07-31,0.0187999999999999,-0.0163999999999999,-0.0023,-0.0075,-0.0015,10.26,2.32,1.37,1.15,4.3,0.9499999999999996,50.16999816894531,1266.5999755859375,102.81346130371094,0.0007,0,Bull
2017-08-31,0.0018,-0.0183,-0.0213,0.002,-0.0237999999999999,10.59,2.21,1.34,1.16,4.4,0.8699999999999999,47.22999954223633,1316.199951171875,138.5316162109375,0.0009,0,Bull
2017-09-30,0.0249,0.0475999999999999,0.0315,-0.0154,0.0163,9.51,2.2,1.38,1.15,4.3,0.8200000000000003,51.66999816894531,1281.5,115.5344467163086,0.0009,0,Bull
2017-10-31,0.0225,-0.0191,0.0013,0.0092,-0.0314,10.18,2.36,1.55,1.15,4.2,0.8099999999999998,54.380001068115234,1267.0,91.4615707397461,0.0009,0,Bull
2017-11-30,0.0312,-0.0038,-0.0009,0.0319,-0.001,11.28,2.35,1.7,1.16,4.2,0.6500000000000001,57.400001525878906,1273.199951171875,92.59601593017578,0.0008,0,Bull
2017-12-31,0.0106,-0.0105,0.0005,0.0073,0.0179,11.04,2.4,1.84,1.3,4.1,0.5599999999999998,60.41999816894531,1306.300048828125,82.71825408935547,0.0009,0,Bull
2018-01-31,0.0558,-0.0321,-0.0132,-0.0075,-0.0105,13.54,2.58,2.03,1.41,4.0,0.5500000000000003,64.7300033569336,1339.0,92.42678833007812,0.0011,0,Bull
2018-02-28,-0.0364,0.0034,-0.011,0.0053,-0.0236,19.85,2.86,2.18,1.42,4.1,0.6799999999999997,61.63999938964844,1315.5,64.49137115478516,0.0011,0,Bull
2018-03-31,-0.0235,0.0361,-0.0021,-0.0040999999999999,0.0008,19.97,2.84,2.28,1.51,4.0,0.56,64.94000244140625,1322.800048828125,111.96229553222656,0.0012,0,Bull
2018-04-30,0.0029,0.0089,0.0053,-0.0242,0.0124,15.93,2.87,2.38,1.69,4.0,0.4900000000000002,68.56999969482422,1316.199951171875,123.26347351074219,0.0014,0,Bull
2018-05-31,0.0263,0.0471,-0.0314,-0.0197999999999999,-0.0149,15.43,2.98,2.51,1.7,3.8,0.4700000000000002,67.04000091552734,1300.0999755859375,125.66661834716797,0.0014,0,Bull
2018-06-30,0.0049,0.0077,-0.0233,0.0083,0.002,16.09,2.91,2.53,1.82,4.0,0.3800000000000003,74.1500015258789,1251.300048828125,103.96858978271484,0.0014,0,Bull
2018-07-31,0.032,-0.0192999999999999,0.0049,0.0153,0.0031,12.83,2.89,2.61,1.91,3.8,0.2800000000000002,68.76000213623047,1223.699951171875,110.02842712402344,0.0016,0,Bull
2018-08-31,0.0346,0.0065,-0.0391,-0.0029,-0.0256999999999999,12.86,2.89,2.64,1.91,3.8,0.25,69.80000305175781,1200.300048828125,112.74168395996094,0.0016,0,Bull
2018-09-30,0.0006,-0.0249,-0.0162,0.0065,0.0136,12.12,3.0,2.77,1.95,3.7,0.2299999999999999,73.25,1191.5,75.05390930175781,0.0015,0,Bull
2018-10-31,-0.0764,-0.0438,0.0338,0.0103,0.036,21.23,3.15,2.86,2.19,3.8,0.29,65.30999755859375,1212.300048828125,92.0164794921875,0.0019,1,Bear
2018-11-30,0.0171,-0.0081,0.0036,-0.0060999999999999,0.004,18.07,3.12,2.86,2.2,3.8,0.2600000000000002,50.93000030517578,1220.199951171875,80.40758514404297,0.0018,1,Bear
2018-12-31,-0.0955,-0.0281,-0.0192,-0.0003,0.0024,25.42,2.83,2.68,2.27,3.9,0.1499999999999999,45.40999984741211,1278.300048828125,90.607666015625,0.0019,1,Bear
2019-01-31,0.0836,0.0291,-0.0039,-0.0073,-0.0165,16.57,2.71,2.54,2.4,4.0,0.1699999999999999,53.790000915527344,1319.699951171875,87.42410278320312,0.0021,1,Bear
2019-02-28,0.0342,0.0172,-0.0266,0.0016,-0.0154,14.78,2.68,2.5,2.4,3.8,0.1800000000000001,57.220001220703125,1312.800048828125,96.80016326904297,0.0018,0,Bull
2019-03-31,0.011,-0.0352,-0.0414,0.0088,-0.009,13.71,2.57,2.41,2.41,3.8,0.1599999999999997,60.13999938964844,1293.0,82.32829284667969,0.0019,0,Bull
2019-04-30,0.0397,-0.0115,0.0213,0.0161,-0.0218,13.12,2.53,2.34,2.42,3.7,0.1899999999999999,63.90999984741211,1282.800048828125,79.25344848632812,0.0021,0,Bull
2019-05-31,-0.0692,-0.0156,-0.0245,-0.0048,0.0176,18.71,2.4,2.21,2.39,3.6,0.1899999999999999,53.5,1305.800048828125,106.4719009399414,0.0021,0,Bull
2019-06-30,0.0699,0.0019,-0.0064,0.0045,-0.0055,15.08,2.07,1.81,2.38,3.6,0.2599999999999998,58.470001220703125,1409.699951171875,106.58845520019531,0.0018,0,Bull
2019-07-31,0.0121999999999999,-0.0182,0.005,-0.0013,0.0037,16.12,2.06,1.84,2.4,3.7,0.2199999999999999,58.58000183105469,1426.0999755859375,93.52125549316406,0.0019,0,Bull
2019-08-31,-0.0255,-0.0325,-0.0476999999999999,0.0053,-0.0062,18.98,1.63,1.57,2.13,3.6,0.0599999999999998,55.09999847412109,1519.0999755859375,103.4044189453125,0.0016,0,Bull
2019-09-30,0.0141999999999999,0.0029,0.0676,0.0182,0.0338,16.24,1.7,1.65,2.04,3.5,0.05,54.06999969482422,1465.699951171875,90.36798858642578,0.0018,0,Bull
2019-10-31,0.0207,0.0025,-0.0192,0.0043,-0.0103,13.22,1.71,1.55,1.83,3.6,0.1599999999999999,54.18000030517578,1511.4000244140625,97.83673095703125,0.0015,0,Bull
2019-11-30,0.0387,0.0039,-0.02,-0.0163999999999999,-0.0113999999999999,12.62,1.81,1.61,1.55,3.6,0.1999999999999999,55.16999816894531,1465.5999755859375,73.07838439941406,0.0012,0,Bull
2019-12-31,0.0276,0.0098999999999999,0.0173,0.0005,0.0118999999999999,13.78,1.86,1.61,1.55,3.6,0.25,61.060001373291016,1519.5,74.27989196777344,0.0014,0,Bull
2020-01-31,-0.0009,-0.0437,-0.0622,-0.0118999999999999,-0.0219,18.84,1.76,1.52,1.55,3.6,0.24,51.560001373291016,1582.9000244140625,138.4209442138672,0.0013,0,Bull
2020-02-29,-0.0815,0.0008,-0.0382,-0.0143,-0.0253,40.11,1.5,1.33,1.58,3.5,0.1699999999999999,44.7599983215332,1564.0999755859375,75.95555877685547,0.0012,2,Volatile
2020-03-31,-0.1335,-0.0818,-0.1383,-0.0161,0.0118999999999999,53.54,0.87,0.45,0.65,4.4,0.42,20.479999542236328,1583.4000244140625,81.54003143310547,0.0012,2,Volatile
2020-04-30,0.1358,0.0256999999999999,-0.0134,0.0276,-0.0102,34.15,0.66,0.22,0.05,14.8,0.44,18.84000015258789,1684.199951171875,69.33940124511719,0.0,2,Volatile
2020-05-31,0.0559,0.0192,-0.05,0.0096,-0.0316,27.51,0.67,0.17,0.05,13.2,0.5,35.4900016784668,1736.9000244140625,68.50721740722656,0.0001,2,Volatile
2020-06-30,0.0243999999999999,0.0195,-0.0217,0.0014,0.0055,30.43,0.73,0.19,0.08,11.0,0.54,39.27000045776367,1793.0,71.22785949707031,0.0001,2,Volatile
2020-07-31,0.0583,-0.0319,-0.0144,0.0038,0.0097,24.46,0.62,0.15,0.09,10.2,0.47,40.27000045776367,1962.800048828125,66.47328186035156,0.0001,2,Volatile
2020-08-31,0.0762,-0.0089,-0.0302,0.0426999999999999,-0.0151,26.41,0.65,0.14,0.1,8.4,0.51,42.61000061035156,1967.5999755859373,65.46604919433594,0.0001,2,Volatile
2020-09-30,-0.0364,-0.0001,-0.0272,-0.0138,-0.0192999999999999,26.37,0.68,0.13,0.09,7.8,0.55,40.220001220703125,1887.5,80.37738037109375,0.0001,2,Volatile
2020-10-31,-0.0208,0.0467,0.0425,-0.0077,-0.0056999999999999,38.02,0.79,0.15,0.09,6.9,0.64,35.790000915527344,1877.4000244140625,76.08316802978516,0.0001,2,Volatile
2020-11-30,0.1244,0.0712,0.0209,-0.0225,0.0128,20.57,0.87,0.17,0.09,6.7,0.7,45.34000015258789,1775.699951171875,70.06746673583984,0.0001,2,Volatile
2020-12-31,0.0463,0.0493,-0.0168,-0.0197,-0.0006,22.75,0.93,0.14,0.09,6.7,0.79,48.52000045776367,1893.0999755859373,64.06729125976562,0.0001,2,Volatile
2021-01-31,-0.0007,0.0681,0.0322,-0.0365,0.0496999999999999,33.09,1.08,0.13,0.09,6.4,0.95,52.20000076293945,1847.300048828125,77.418701171875,0.0,2,Volatile
2021-02-28,0.0281,0.045,0.072,0.0033,-0.0199,27.95,1.26,0.12,0.08,6.2,1.14,61.5,1728.0999755859375,73.95680236816406,0.0,2,Volatile
2021-03-31,0.0316,-0.0084,0.0735,0.0635,0.0352,19.4,1.61,0.15,0.07,6.1,1.4600000000000002,59.15999984741211,1713.800048828125,78.61876678466797,0.0,2,Volatile
2021-04-30,0.0496999999999999,-0.0316,-0.0102,0.0243,-0.0272,18.61,1.64,0.16,0.07,6.1,1.48,63.58000183105469,1767.300048828125,88.16622161865234,0.0,2,Volatile
2021-05-31,0.0029,0.0127,0.0704,0.0233999999999999,0.0301,16.76,1.62,0.16,0.06,5.8,1.4600000000000002,66.31999969482422,1902.5,93.00713348388672,0.0,2,Volatile
2021-06-30,0.0273,-0.003,-0.0786,-0.0214,-0.0093,15.83,1.52,0.2,0.08,5.9,1.32,73.47000122070312,1770.800048828125,74.12712097167969,0.0,2,Volatile
2021-07-31,0.0134,-0.0455,-0.0179,0.055,-0.0059,18.24,1.32,0.22,0.1,5.4,1.1,73.94999694824219,1812.5999755859373,58.42076873779297,0.0,2,Volatile
2021-08-31,0.0295,-0.0066,-0.0023,-0.0026,-0.0172,16.48,1.28,0.22,0.09,5.1,1.06,68.5,1815.0,89.4865493774414,0.0,2,Volatile
2021-09-30,-0.044,0.0112,0.0512,-0.0192,0.02,23.14,1.37,0.24,0.08,4.7,1.13,75.02999877929688,1755.300048828125,80.69696807861328,0.0,2,Volatile
2021-10-31,0.0663,-0.027,-0.0053,0.0171,-0.0154,16.26,1.58,0.39,0.08,4.5,1.19,83.56999969482422,1783.0,79.02923583984375,0.0,2,Volatile
2021-11-30,-0.0158,-0.017,-0.0037,0.0719,0.017,27.19,1.56,0.51,0.08,4.1,1.05,66.18000030517578,1773.5999755859375,86.56914520263672,0.0,2,Volatile
2021-12-31,0.0324,-0.0078,0.0325,0.0487999999999999,0.0429,17.22,1.47,0.68,0.08,3.9,0.7899999999999999,75.20999908447266,1827.5,105.34542083740234,0.0001,2,Volatile
2022-01-31,-0.0615,-0.0401,0.1286,0.0077,0.0773,24.83,1.76,0.98,0.08,4.0,0.78,88.1500015258789,1795.0,138.67498779296875,0.0,1,Bear
2022-02-28,-0.0227999999999999,0.0286,0.0306,-0.0203,0.0302999999999999,30.15,1.93,1.44,0.08,3.9,0.49,95.72000122070312,1899.4000244140625,216.1590118408203,0.0,1,Bear
2022-03-31,0.0308,-0.0210999999999999,-0.019,-0.015,0.0321,20.56,2.13,1.91,0.2,3.7,0.2199999999999999,100.27999877929688,1949.199951171875,318.9549255371094,0.0,1,Bear
2022-04-30,-0.0941,-0.0034999999999999,0.0617999999999999,0.0341,0.0592,33.4,2.75,2.54,0.33,3.7,0.2099999999999999,104.69000244140624,1909.300048828125,191.14309692382812,0.0,1,Bear
2022-05-31,-0.0033,-0.0003,0.0843999999999999,0.0155,0.0395,26.19,2.9,2.62,0.77,3.6,0.2799999999999998,114.66999816894533,1842.699951171875,142.25848388671875,0.0003,1,Bear
2022-06-30,-0.084,0.0133,-0.06,0.0176,-0.0458,28.71,3.14,3.0,1.21,3.6,0.1400000000000001,105.76000213623048,1804.0999755859373,130.7073211669922,0.0006,1,Bear
2022-07-31,0.0957,0.0178,-0.0415,0.0077,-0.0684999999999999,21.33,2.9,3.04,1.68,3.5,-0.1400000000000001,98.62000274658205,1762.9000244140625,117.17676544189453,0.0008,1,Bear
2022-08-31,-0.0377,0.0149,0.0018,-0.0478,0.0132,25.87,2.9,3.25,2.33,3.6,-0.3500000000000001,89.55000305175781,1712.800048828125,132.86322021484375,0.0019,1,Bear
2022-09-30,-0.0934,-0.0097,0.0003,-0.0137,-0.0077,31.62,3.52,3.86,2.56,3.5,-0.3399999999999998,79.48999786376953,1662.4000244140625,131.98587036132812,0.0019,1,Bear
2022-10-31,0.0786,0.0181,0.0797,0.0327,0.0643,25.88,3.98,4.38,3.08,3.6,-0.3999999999999999,86.52999877929688,1635.9000244140625,143.16241455078125,0.0023,1,Bear
2022-11-30,0.0469,-0.0275,0.0148,0.063,0.0315,20.58,3.89,4.5,3.78,3.6,-0.6099999999999999,80.55000305175781,1746.0,116.7162857055664,0.0029,1,Bear
2022-12-31,-0.0638,-0.0019,0.0134,0.0032,0.0428,21.67,3.62,4.29,4.1,3.5,-0.6699999999999999,80.26000213623047,1819.699951171875,111.19593811035156,0.0033,1,Bear
2023-01-31,0.0659,0.0438999999999999,-0.0394,-0.0242,-0.0443,19.4,3.53,4.21,4.33,3.5,-0.6800000000000002,78.87000274658203,1929.5,104.26704406738281,0.0034999999999999,1,Bear
2023-02-28,-0.0256999999999999,0.0058,-0.008,0.0097,-0.0151,20.7,3.75,4.53,4.57,3.6,-0.7800000000000002,77.05000305175781,1828.9000244140625,120.99437713623047,0.0034,1,Bear
2023-03-31,0.0249,-0.0689,-0.0905,0.0227,-0.021,18.7,3.66,4.3,4.65,3.5,-0.6399999999999997,75.66999816894531,1969.0,105.37997436523438,0.0036,1,Bear
2023-04-30,0.0063,-0.0256999999999999,-0.0012,0.0242,0.0285,15.78,3.46,4.02,4.83,3.4,-0.5599999999999996,76.77999877929688,1990.0999755859373,106.80965423583984,0.0034999999999999,1,Bear
2023-05-31,0.0033,-0.0043,-0.0779,-0.0178,-0.0708,17.94,3.57,4.13,5.06,3.6,-0.56,68.08999633789062,1963.9000244140625,108.46768188476562,0.0036,1,Bear
2023-06-30,0.0646,0.0128,-0.0013,0.0232,-0.0154,13.59,3.75,4.64,5.08,3.6,-0.8899999999999997,70.63999938964844,1921.0999755859373,110.52894592285156,0.004,1,Bear
2023-07-31,0.0321,0.0286,0.0406,-0.0059,0.0066,13.63,3.9,4.83,5.12,3.5,-0.9300000000000002,81.80000305175781,1970.5,107.44878387451172,0.0045,1,Bear
2023-08-31,-0.0236,-0.0365,-0.0115,0.0335,-0.0241,13.57,4.17,4.9,5.33,3.7,-0.7300000000000004,83.62999725341797,1938.199951171875,101.14118194580078,0.0045,1,Bear
2023-09-30,-0.0523,-0.0178,0.0149,0.0187,-0.0077,17.52,4.38,5.02,5.33,3.7,-0.6399999999999997,90.79000091552734,1848.0999755859373,98.63481140136719,0.0043,1,Bear
2023-10-31,-0.0315,-0.0403,0.002,0.0241,-0.0069,18.14,4.8,5.07,5.33,3.9,-0.2700000000000004,81.0199966430664,1985.199951171875,197.8870086669922,0.0046999999999999,1,Bear
2023-11-30,0.0888,-0.002,0.0167,-0.0373,-0.0108,12.92,4.5,4.88,5.33,3.7,-0.3799999999999999,75.95999908447266,2038.0999755859373,156.69613647460938,0.0044,1,Bear
2023-12-31,0.0486,0.0727,0.0489,-0.0297,0.0129,12.45,4.02,4.46,5.33,3.8,-0.4400000000000004,71.6500015258789,2062.39990234375,142.2794647216797,0.0043,1,Bear
2024-01-31,0.0073,-0.0572,-0.0237999999999999,0.0067,-0.0097,14.35,4.06,4.32,5.33,3.7,-0.2600000000000007,75.8499984741211,2048.39990234375,160.3736572265625,0.0046999999999999,1,Bear
2024-02-29,0.0507,-0.0081999999999999,-0.0343,-0.0206,-0.0217,13.4,4.21,4.54,5.33,3.9,-0.33,78.26000213623047,2045.699951171875,146.59817504882812,0.0042,1,Bear
2024-03-31,0.0283999999999999,-0.0121,0.0416,0.0133,0.0113999999999999,13.01,4.21,4.59,5.33,3.9,-0.3799999999999999,83.16999816894531,2217.39990234375,133.21316528320312,0.0043,1,Bear
2024-04-30,-0.0465,-0.0259,-0.0045,0.0113999999999999,-0.0031,15.65,4.54,4.87,5.33,3.9,-0.33,81.93000030517578,2291.39990234375,163.9473419189453,0.0046999999999999,1,Bear
2024-05-31,0.0432,0.0059,-0.0131,0.0317,-0.0285,12.92,4.48,4.86,5.33,3.9,-0.3799999999999999,76.98999786376953,2322.89990234375,130.52186584472656,0.0044,1,Bear
2024-06-30,0.0279999999999999,-0.0432,-0.0336,0.0056,-0.018,12.44,4.31,4.74,5.33,4.1,-0.4300000000000006,81.54000091552734,2327.699951171875,113.0927963256836,0.0040999999999999,1,Bear
2024-07-31,0.0121999999999999,0.0834,0.0562,0.0026,0.0028,16.36,4.25,4.5,5.33,4.2,-0.25,77.91000366210938,2426.5,92.3948745727539,0.0045,1,Bear
2024-08-31,0.0161,-0.0355,-0.011,0.0076,0.0081999999999999,15.0,3.87,3.97,5.33,4.2,-0.1,73.55000305175781,2493.800048828125,140.97506713867188,0.0048,1,Bear
2024-09-30,0.0173,-0.0092,-0.0276,0.002,-0.0029,16.73,3.72,3.62,5.13,4.1,0.1,68.16999816894531,2636.10009765625,130.35877990722656,0.004,1,Bear
2024-10-31,-0.01,-0.0089,0.0086,-0.0148,0.0098,23.16,4.1,3.97,4.83,4.1,0.1299999999999994,69.26000213623047,2738.300048828125,130.689208984375,0.0039,1,Bear
2024-11-30,0.0649,0.0458999999999999,0.0016,-0.0231,-0.0204999999999999,13.51,4.36,4.26,4.64,4.2,0.1000000000000005,68.0,2657.0,128.90164184570312,0.004,1,Bear
2024-12-31,-0.0315,-0.0383,-0.03,0.0189,-0.0121,17.35,4.39,4.23,4.48,4.1,0.1599999999999992,70.98999786376953,2606.10009765625,142.36643981933594,0.0037,1,Bear
2025-01-31,0.027999999999999997,-0.0123,0.0163,-0.0235,-0.032400000000000005,16.43,4.63,4.27,4.33,4.0,0.3600000000000003,72.52999877929688,2812.5,113.233154296875,0.0037,1,Bear
2025-02-28,-0.024300000000000002,-0.049100000000000005,0.049100000000000005,0.0108,0.030600000000000002,19.63,4.45,4.21,4.33,4.2,0.2400000000000002,69.76000213623047,2836.800048828125,136.97137451171875,0.0033,1,Bear
2025-03-31,-0.0639,-0.0149,0.028999999999999998,0.021099999999999997,-0.004699999999999999,22.28,4.28,3.97,4.33,4.2,0.31000000000000005,71.4800033569336,3122.800048828125,173.91439819335938,0.0034000000000000002,1,Bear
2025-04-30,-0.0084,-0.018600000000000002,-0.0341,-0.0285,-0.026699999999999998,24.7,4.28,3.78,4.33,4.2,0.5000000000000004,58.209999084472656,3305.0,140.97369384765625,0.0034999999999999996,1,Bear
2025-05-31,0.060599999999999994,-0.0072,-0.0288,0.0129,0.025099999999999997,18.57,4.42,3.92,4.33,4.3,0.5,60.790000915527344,3288.89990234375,165.65699768066406,0.0038,1,Bear
2025-06-30,0.048600000000000004,-0.0002,-0.0161,-0.032,0.0144,16.73,4.38,3.89,4.33,4.1,0.48999999999999977,65.11000061035156,3294.39990234375,222.37838745117188,0.0034000000000000002,1,Bear
2025-07-31,0.019799999999999998,-0.0014000000000000002,-0.0127,-0.0028000000000000004,-0.0207,16.72,4.39,3.88,4.33,4.3,0.5099999999999998,69.26000213623047,3293.199951171875,134.02076721191406,0.0034000000000000002,1,Bear
2025-08-31,0.018500000000000003,0.048799999999999996,0.044199999999999996,-0.0069,0.0208,15.36,4.26,3.7,4.33,4.3,0.5599999999999996,64.01000213623047,3473.699951171875,138.56211853027344,0.0038,0,Bull
2025-09-30,0.0339,-0.0218,-0.0105,-0.020499999999999997,-0.0222,16.28,4.12,3.57,4.22,4.4,0.5500000000000003,62.369998931884766,3840.800048828125,125.86952209472656,0.0033,0,Bull
2025-10-31,0.0196,-0.0131,-0.031,-0.0524,-0.0403,17.44,4.06,3.52,4.09,4.4,0.5399999999999996,60.97999954223633,3982.199951171875,154.51292419433594,0.0037,0,Bull
2025-11-30,-0.0013,0.0147,0.037599999999999995,0.0144,0.0068000000000000005,16.35,4.09,3.55,3.88,4.5,0.54,58.54999923706055,4218.2998046875,104.33865356445312,0.003,0,Bull
2025-12-31,-0.0036,-0.0022,0.0242,0.004,0.0037,14.95,4.14,3.5,3.72,4.4,0.6399999999999997,57.41999816894531,4325.60009765625,131.39309692382812,0.0034000000000000002,0,Bull
2026-01-31,0.0103,0.0326,0.037200000000000004,0.0182,0.0183,17.44,4.21,3.54,3.64,4.3,0.6699999999999999,65.20999908447266,4713.89990234375,167.80020141601562,0.003,1,Bear
2026-02-28,-0.011699999999999999,0.0063,0.028300000000000002,0.016200000000000003,0.0507,19.86,4.13,3.47,3.64,4.4,0.6599999999999997,67.0199966430664,5230.5,121.61688232421875,0.0028000000000000004,1,Bear
2026-03-31,-0.011699999999999999,0.0063,0.028300000000000002,0.016200000000000003,0.0507,25.25,4.25,3.71,3.64,4.3,0.54,101.37999725341797,4647.60009765625,297.2698059082031,0.0028000000000000004,1,Bear
